valid throughput, revoked throughput, mixed throughput, item numbers = 262328, query number = 28341276
7.17887, 10.65762, 8.56127
7.11492, 10.47295, 8.41673
7.18087, 10.71236, 8.60655
7.18508, 10.71273, 8.59858
7.13130, 10.63387, 8.51016
7.08455, 10.65952, 8.50270
7.16220, 10.46622, 8.60046
7.18454, 10.71133, 8.57111
7.13116, 10.50133, 8.56346
7.18193, 10.72643, 8.58139

