valid throughput, revoked throughput, mixed throughput, item numbers = 262328, query number = 28341276
6.82225, 0.06257, 3.41542
7.12282, 0.06533, 3.61960
6.88110, 0.06310, 3.49369
7.02054, 0.06433, 3.40369
6.91991, 0.06348, 3.55699

