revoked, unrevoked
262328, 28341276
Bloom Filter Cascade
level, insert, lookup, # fp's, fp, memory(bytes), bits per item
1, 262328, 28341276, 144704, 0.00511, 361361, 1.37752
2, 144704, 262328, 1330, 0.00507, 199336, 1.37754
3, 1330, 144704, 770, 0.00532, 1840, 1.38346
4, 770, 1330, 5, 0.00376, 1068, 1.38701
5, 5, 770, 2, 0.00260, 16, 3.20000
6, 2, 5, 0, 0.00000, 11, 5.50000

revoked, unrevoked
262328, 28341276
Bloom Filter Cascade
level, insert, lookup, # fp's, fp, memory(bytes), bits per item
1, 262328, 28341276, 144704, 0.00511, 361361, 1.37752
2, 144704, 262328, 1330, 0.00507, 199336, 1.37754
3, 1330, 144704, 770, 0.00532, 1840, 1.38346
4, 770, 1330, 5, 0.00376, 1068, 1.38701
5, 5, 770, 2, 0.00260, 16, 3.20000
6, 2, 5, 0, 0.00000, 11, 5.50000
bfc insert time
2.968017
bf lookup time
3.432923

revoked, unrevoked
262328, 28341276
Bloom Filter Cascade
level, insert, lookup, # fp's, fp, memory(bytes), bits per item
1, 262328, 28341276, 144704, 0.00511, 361361, 1.37752
2, 144704, 262328, 1330, 0.00507, 199336, 1.37754
3, 1330, 144704, 770, 0.00532, 1840, 1.38346
4, 770, 1330, 5, 0.00376, 1068, 1.38701
5, 5, 770, 2, 0.00260, 16, 3.20000
6, 2, 5, 0, 0.00000, 11, 5.50000
bfc insert time
2.868378
bf lookup time
3.400445

total cascade size (bytes): 563632